Call_Number,Place_topic,Einddatum kroniek ,described_period_begin,described_period_end,contemporain_begin,contemporain_end,Word_Count,Geschiedschrijving,Crisis,Beroepsmatig,Aanwezige auteur,Opinierend,Voorwoord,Andere inhoud,Afbeeldingen,Tabellen,Inhoudsopgave,Index of register,Opmerkingen,,
1473_Zier_Smit,Zierikzee,1473,-3500,1473,1458,1473,3704,,,,,,,,,,,,,,
1507_Beek_Anon,Beek,1507,1275,1507,1462,1507,53964,,,,,,,,,,,,,,
1526_Zwol_Muld,Zwolle,1526,1520,1526,1522,1526,16566,,,,,,,,,,,,,,
1535_Gron_Anon,Groningen,1535,1455,1535,1534,1534,15770,,,,,,,,,,,,Veel overgeschreven. Klein stukje origineel. Inleiding bestuderen. ,,
1542_Gent_Anon,Gent,1542,1538,1542,,,,,,,,,,,,,,,,,
1544_Bred_Anon,Breda,1544,1099,1544,?,?,6747,,,,,,,,,,,,Niet annoteren. Maar als basistekst. Wel behouden,,
1545_Kamp_Bijn,Kampen,1545,-3500,1545,,,,,,,,,,,,,,,,,
1545_Kuri_Munt,Kuringen,1545,-3500,1545,,,,,,,,,,,,,,,,,
1548_Utre_Mijn,Utrecht,1548,1527,1543,1527,1543,5414,,,,,,,,,,,,,,
1551_Kamp_Bred,Kampen,1551,1505,1551,1505,1551,76602,,,,,,,,,,,,,,
1553_Utre_Mijn,Utrecht,1553,1296,1552,1525,1552,15216,,,,,,,,,,,,Niet annoteren. Wel behouden als basistekst. ,,
1558_Bosc_Cupe,Den Bosch,1558,1174,1579,1533,1558,82426,,,,,,,,,,,,DBNL tot blz. 140 Cupernius. Daarna ander handschrift ,,
1558_Brus_Anon,Brussel,1558,,,,,,,,,,,,,,,,,,,
1567_Amst_Bies,Amsterdam,1567,1534,1567,1534,1567,10700,,,,,,,,,,,,,,
1567_Amst_Reae,Amsterdam,1567,1542,1567,1542,1568,11503,,y,,,,,,,,,,,,
1568_Gent_Anon,Gent,1568,1301,1568,,,,,,,,,,,,,,,,,
1568_Gent_Vaer,Gent,1568,1566,1568,1566,1568,325304,,y,,,,,,,,,,,,
1570_Rott_Alle,Rotterdam,1570,1315,1499,1456,1499,16443,,,,,,,,,,,,Meerdere auteurs,,
1571_Gent_Camp,Gent,1571,1566,1572,1566,1572,109541,,y,,,,,,,,,,"Cornelis tot 11-1567, daarna Philip",,
1572_Iepe_Hern,Ieper,1572,1562,1572,1562,1572,,,,,,,,,,,,,,,
1574_Antw_EykP,Antwerpen,1574,1500,1574,1566,1567,69517,,,,,,,,,,,,Ook wel veel in retroperspectief,,
1574_Antw_Haec,Antwerpen,1574,1565,1574,1565,1574,236383,,y,,,,,,,,,,,,
1575_Antw_Ulle,Antwerpen,1575,1500,1575,1566,1575,78711,,,,,,,,,,,,,,
1575_Bosc_Anon,Den Bosch,1575,,,,,,,y,,,,,,,,,,,,
1575_Hoor_Matt,Hoorn,1575,,,,,,,,,,,,,,,,,,,
1576_Utre_Anon,Utrecht,1576,1566,1577,1566,1577,33998,,,,,,,,,,,,met resolutien en brieven,,
1576_Zier_Clae,Zierikzee,1576,1571,1577,1575,1577,8024,,y,,,,,,,,,,,,
1577_Utre_Anon,Utrecht,1577,1576,1577,1576,1577,13378,,,,,,,,,,,,,,
1579_Amst_Jaco_01,Amsterdam,1579,,,,,218122,,,,,,,,,,,,,,
1579_Amst_Jaco_02,Amsterdam,1579,1572,1579,1572,1579,161318,,,,,,,,,,,,,,
1579_Gent_Anon,Gent,1579,,,,,,,,,,,,,,,,,,,
1580_Antw_Wese,Antwerpen,1580,1567,1580,1567,1580,73895,,y,,,,,,,,,,,,
1581_Haar_Verw,Haarlem,1581,1572,1581,1572,1581,74162,,y,,,,,,,,,,,,
1582_Stee_Steg,Steenwijk,1582,1216,1582,1580,1582,4013,,,,,,,,,,,,,,
1583_Bilt_ErpH,De Bilt,1583,1139,1583,1524,1549,10636,,,,,,,,,,,,periode ervoor wel zelf meegemaakt maar retroperspectief?,,
1584_Brug_Weyd,Brugge,1584,1571,1584,1571,1584,30979,,,,,,,,,,,,,,
1587_Iepe_Anon,Ieper,1587,,,,,30779,,,,,,,,,,,,,,
1587_Mech_Wach,Mechelen,1587,,,,,,,,,,,,,,,,,,,
1587_Weer_Luyt,Weert,1587,1442,1587,1562,1587,17681,,y,,,,,,,,,,,,
1589_Gron_Eppe,Groningen,1589,1566,1589,,,,,,,,,,,,,,,,,
1592_Cule_Vrem,Culemborg,1592,1492,1592,1570,1592,5119,,,,,,,,,,,,,,
1593_Gent_Anon_01,Gent,1593,,1593,,,,,,,,,,,,,,,,,
1593_Gent_Anon_02,Gent,1593,,,,,,,,,,,,,,,,,,,
1593_Gent_Anon_03,Gent,1593,,,,,,,,,,,,,,,,,,,
1594_Gron_Alti,Groningen,1594,,,,,325804,,,,,,,,,,,,,,
1594_Leuv_Boon,Leuven,1594,,,,,,,,,,,,,,,,,,,
1595_Iepe_Hern_01,Ieper,1595,1562,1572,1562,1572,36142,,,,,,,,,,,,,,
1595_Iepe_Hern_02,Ieper,1595,1572,1583,1572,1583,,,,,,,,,,,,,,,
1595_Iepe_Hern_04,Ieper,1587,,,1584,1587,,,,,,,,,,,,,,,
1595_Iepe_Hern_05,Ieper,1595,1587,1588,1587,1588,,,,,,,,,,,,,,,
1595_Iepe_Hern_06,Ieper,1595,1589,1590,1589,1590,,,,,,,,,,,,,,,
1595_Iepe_Hern_07,Ieper,1595,1592,1595,1592,1595,,,,,,,,,,,,,,,
1602_Brus_Pott,Brussel,1602,1357,1602,1549,1602,58116,1,0,0,1,0,0,,,,,,,,
1604_Bosc_Anon,Den Bosch,1604,1206,1609,1566,1609,37442,,,,,,,achterin zijn twee bescheiden ingebonden: een 17e eeuwse kopie van een plakkaat uit 1629 en een capitulatieverdrag van 1629,0,0,0,0,,,
1606_Gron_Anon,Groningen,1606,1596,1606,,,22969,,,,,,,,,,,,,,
1609_Oist_Hoev,Oisterwijk,1609,1292,1609,1566,1609,6308,1,1,0,0,0,0,,0,0,0,0,,,
1610_Gent_Vooc_B,Gent,1610,1500,1607,,,,,,,,,,,,,,,,,
1620_Midd_Rech,Middelburg,1620,1551,1572,1566,1572,6446,,y,,,,,,,,,,,,
1621_Alkm_Anon,Alkmaar,1621,1618,1621,1618,1621,5984,,,,,,0,,0,0,0,0,1 opmerking over 1667. Maar loopt tot 1621,,
1623_Deve_Haex,Deventer,1623,1619,1623,,,,,,,,,,,,,,,,,
1628_Alkm_Wijn,Alkmaar,1628,1412,1629,1566,1610,9083,,0,,1,0,1,,,,,,Meerdere auteurs en handschriften. Zie origineel ,,
1632_Amer_Anon,Amersfoort,1760,1400,1632,,,10620,1,1,0,0,0,0,,0,0,0,0,Vrouwenklooster,,
1632_Gent_Vive,Gent,1632,1228,1632,1566,1632,114871,,,,,,,,,,,,,,
1635_Utre_Jonk,Utrecht,1635,1610,1625,1610,1625,66719,1,0,0,0,0,0,bevat liedjes,0,0,0,0,A: opgeschoond. Klaar voor laatste batch,,
1636_Bild_Jans,Het Bildt,1636,,,,,25657,,,,,,,,,,,,,,
1636_Hauw_Baer,Hauwert,1636,-313,1636,,,,,,,,,,,,,,,,,
1638_Roer_Kamp_01,Roermond,1638,1275,1637,?,?,,,,,,,,,,,,,Hier zitten 2 kronieken in. Sterk geredigeerd door de auteur(s). Verkeerde bestand!,,
1638_Roer_Kamp_02,Roermond,1638,1562,1620,?,?,66448,,,,,,,,,,,,A: opgeschoond. Klaar voor laatste batch,,
1643_Antw_Bate,Antwerpen,1643,1510,1643,,,20533,1,1,0,1,1,0,0,0,0,0,0,,,
1646_Gron_Gijs,Groningen,1646,1583,1646,1598,1646,3856,0,0,1,1,0,0,0,0,0,0,0,,,
1648_Rott_Waer,Rotterdam,1648,1426,1648,?,1630,18745,1,0,1,1,0,0,0,0,0,0,0,Erg in retroperspectief. Een heel klein stukje na 1630. Andere hand. ,,
1649_Tien_Goos,Tienen,1649,1536,1649,,,4094,,,,,,,,,,,,A: opgeschoond. Klaar voor laatste batch,,
1652_Rijp_Dirc,De Rijp,1652,1636,1641 en 1651-1652,,,47104,0,0,1,1,0,0,0,0,0,0,0,,,
1657_Mech_Beth,Mechelen,1657,1580,1657,?,?,30173,,,,,,,,,,,,"Verschillende handen, delen en jaren door elkaar?",,
1658_Rott_Waer,Rotterdam,1658,1426,1658,1584,1658,17346,0,1,0,0,0,0,0,0,0,0,0,Meerdere auteurs? Grote gaten tussen sommige jaartallen,,
1665_Mech_Vrin,Mechelen,1665,712,1665,,,,,,,,,,,,,,,,,
1666_Gent_Bill_1B,Gent,1666,1,1500,,,59949,,n,,,,,,,,,,,,
1666_Gent_Bill_2B,Gent,1666,1501,1564,,,,,n,,,,,,,,,,,,
1666_Gent_Bill_3B,Gent,1666,1564,1599,,,,,n,,,,,,,,,,,,
1666_Gent_Bill_5,Gent,1666,1637,1660,1637,1660,65887,,n,,,,,,,,,,,,
1666_Gent_Bill_6B,Gent,1666,1661,1667,1661,1667,,,n,,,,,,,,,,,,
1668_Dord_Gode,Dordrecht,1668,1421,1668,1640? ,1668,22136,,,,,,,,,,,,Origineel bekijken. Onduidelijk hoe de kroniek precies loopt. Getallen eruit halen,,
1668_Gent_Bill_01,Gent,1668,1658,1660,,,,,n,,,,,,,,,,,,
1668_Gent_Bill_02,Gent,1668,1661,1662,,,69407,,n,,,,,,,,,,,,
1668_Gent_Bill_03,Gent,1668,1662,1663,,,,,n,,,,,,,,,,,,
1668_Gent_Bill_04,Gent,1668,1663,1663,1663,1663,57516,,n,,,,,,,,,,,,
1668_Gent_Bill_05,Gent,1668,1663,1664,,,60897,,n,,,,,,,,,,,,
1668_Gent_Bill_06,Gent,1668,1664,1664,,,,,n,,,,,,,,,,,,
1668_Gent_Bill_07,Gent,1668,1664,1665,,,72065,,n,,,,,,,,,,,,
1668_Gent_Bill_08,Gent,1668,1665,1665,,,69673,,n,,,,,,,,,,,,
1668_Gent_Bill_09,Gent,1668,1665,1665,,,,,n,,,,,,,,,,,,
1668_Gent_Bill_10,Gent,1668,1666,1666,,,,,n,,,,,,,,,,,,
1668_Gent_Bill_11,Gent,1668,1666,1667,,,68501,,n,,,,,,,,,,,,
1668_Gent_Bill_12,Gent,1668,1667,1667,,,,,n,,,,,,,,,,,,
1671_Leeu_Vitr,Leeuwarden,1671,1657,1671,,,,,,,,,,,,,,,,,
1671_Mede_Oppe,Medemblik,1671,1517,1671,?,?,17678,0,0,1,0,0,0,0,0,0,0,0,2 delen? Jaar 1587 uitgebreid. Daarna steeds maar enkele jaren,,
1671_Rott_Lois,Rotterdam,1671,1270,1671,1638?,1671,91493,1,0,0,0,0,0,0,1,0,0,1,,,
1672_Amst_Wate,Amsterdam,1672,1672,1673,1672,1673,17659,1,1,0,1,1,0,0,1,1,0,0,bevat beeld van houwmes/bijl op 23. nov. 1672 (dbnl),,
1674_Utre_Boot,Utrecht,1675,1672,1675,1672,1675,46687,0,1,0,1,1,0,1,0,0,0,0,tekst bevat annotaties ,,
1675_Brug_Cler,Brugge,1675,1,1675,,,11501,1,0,0,0,0,0,0,0,0,0,0,,,
1676_Leeu_Vitr,Leeuwarden,1676,1672,1676,,,,,,,,,,,,,,,,,
1680_Mech_Vale,Mechelen,1680,720,1680,?,?,29642,,,,,,,,,,,,"A: drie delen in één, verwaarloosbare ruis. Pas splitsen na VH.",,
1681_Brus_Anon,Brussel,1681,727,1681,,,,,,,,,,,,,,,,,
1681_Zwol_Catt,Zwolle,1681,696,1681,1669,1681,60197,1,1,0,0,0,0,0,0,0,0,0,Maar een klein deel geschikt? Geschiedenisachtig en meerdere delen? ,,
1683_Brus_Jaki,Brussel,1683,1612,1683,?,?,241934,,,,,,,,,,,,Erika gaat uitzoeken of deze geschikt is,,
1684_Brug_Inbo,Brugge,1684,1645,1684,,,,,,,,,,,1,1,0,1,"bevat gedrukte pagina’s van pamfletten en afbeeldingen, veel lijstjes/tabellen met namen",,
1687_Rott_Waer,Rotterdam,1663,1424,1663,1623,1663,52432,,,,,,,,,,,,,,
1690_Rott_Anon,Rotterdam,1690,1426,1690,1663,1690,,,,,,,,,,,,,Klein stukje eigentijds,,
1695_Iepe_Anon,Ieper,1695,180,1695,,,,,,,,,,,,,,,,,
1697_Leeu_Vitr,Leeuwarden,1697,1696,1697,1696,1697,,,,,,,1,1,,,,,"bevat lijsten met predikanten, ",,
1699_Bosc_Anon,Den Bosch,1699,1140,1699,?,1699,168326,,,,,,,,,,,,2 delen kroniek. Meerdere auteurs? Lijkt wel veel eigentijds,,
1700_Haar_Vinn,Haarlem,1700,1652,1680,,,50024,1,0,0,1,0,,gedichten,,,,,Bevat gedichten ,,image not available in transkribus
1703_Rott_Brou,Rotterdam,1703,,,,,,,,,,,,,,,,,,,
1703_Venl_Put,Venlo,1703,1423,1703,,,35608,,,,,,,,,,,,A: opgeschoond. Klaar voor laatste batch,,
1704_Brus_Hage,Brussel,1719,1717,1719,,,103298,,,,,,,,,,,,,,
1713_Hout_Dres,Houthem,1713,1673,1713,,,5663,1,0,0,1,0,0,0,0,0,0,,toevoeging nageslacht een alinea eeuw later,,
1713_Kort_Mael,Kortrijk,1713,1682,1713,,,,,,,,,,,,,,,,,
1716_Jisp_Gert ,Jisp,1716,1647,1716,1647,,18577,1,0,1,1,0,0,0,1,1,0,,Kasboek-achtig. Niet echt chronologisch. Gaat veel heen en weer. ,,
1718_Dronr_Rouc,Dronrijp,1718,1690,1718,,,,,,,,,,,,,,,,,
1719_Tong_Anon,Maastricht,1719,-897,1719,,,42405,1,0,,0,0,0,0,0,1,0,,Veel overgeschreven. Verder uitzoeken wat eigentijds is.,,
1720_Brus_Anon,Brussel,1720,974,1720,,,12774,1,0,0,0,0,0,0,0,0,0,,,,
1721_Antw_Anon,Antwerpen,1721,1685,1721,1712,1721,7140,1,0,1,0,0,0,0,0,1,0,,Bier en kerkgeschiedenis,,
1722_Huiz_Lust,Huizen,1722,1713,1722,1713,1722,77657,1,0,1,1,0,,,,,,,,,
1724_Oost_Daal,Oostzaan,1724,1682,1724,1682,1724,23215,,,,,,,,,,,,Archieven.nl - Bibliotheek (Noord-Hollands Archief) ,,
1725_Antw_Anon,Antwerpen,1725,1725,,,,6281,1,1,0,0,0,,,,,,,,,
1735_Dokk_Hesm,Dokkum,1735,10,1735,c.1660,1735,17046,1,0,0,1,0,0,0,0,0,0,,Naberigt moet er nog uit en nog meer van de editor. 2 delen en auteurs. 1711 en 1735. ,,
1744_Brus_Anon,Brussel,1744,1717,1744,,,17204,1,0,0,0,0,0,0,0,0,0,,,,
1745_Kort_Putt,Kortrijk,1745,1683,1745,,,224627,1,0,0,1,0,0,0,0,1,0,,,,
1747_Amst_Boer,Amsterdam,1747,1747,1748,,,,,,,,,,,,,,,,,
1747_Phil_Over,Philipinne,1747,1504,1747,,,,,,,,,,,,,,,,,
1747_Utre_Woer,"Utrecht, Wijk bij Duurstede",1747,1747,1747,1747,1747,23935,,,,,,,,,,,,,,
1748_Berg_Folk,Bergen op Zoom,1748,1747,1748,1747,1748,35103,1,1,0,1,1,0,0,0,0,0,,Belegering Bergen op Zoom,,
1748_Leeu_Vege,Leeuwarden,1748,1748,,,,,,,,,,,,,,,,,,
1749_Haar_Barn,Haarlem,1749,1747,1749,1738,1744,26104,1,0,0,1,0,,,,,,,A: opgeschoond. Klaar voor laatste batch. Loopt van 1738 tot 1747.,,image not available in transkribus
1749_Loke_Smet_B,Lokeren,1749,,1749,,,,,,,,,,,,,,,,,
1749_Maas_Anon,Maastricht,1749,-11,1749,,,36353,,,,,,,,,,,,Alleen laatste stuk contemporain ,,
1749_Rott_Sche,Rotterdam,1749,1747,1748,1747,1748,26392,1,0,0,1,0,0,0,1,1,0,,,,
1750_Brus_Anon,Brussel,1750,1725,1750,,,68026,,,,,,,,,,,,,,
1751_Kort_Roye,Kortrijk,1751,,1751,,,,,,,,,,,,,,,,,
1752_Zaan_Kraa,Zaandam,1752,1708,1752,,,,,,,,,,,,,,,,,
1752_Zaan_Veen,Zaandam,1752,1740,1752,,,15428,,,,,,,,,,,,,,
1753_Vars_Verm,Varsenare,1753,1740,1753,,,5598,,,,,,,,,,,,,,
1753_Vliss_Anon,Vlissingen,1753,620,1753,,,47525,,,,,,,,,,,,,,
1753_Waas_Anon,Waasland,1753,624,,,,,,,,,,,,,1,,,,,
1754_Loss_Leur,Losser,1754,1698,1754,,,,,,,,,,,,,,,,,
1755_Hoor_Spru,Hoorn,1755,1416,1718,,,79170,1,0,0,0,0,0,0,0,1,0,,,,begint met liederen en lofdichten gekopieerd van Velius
1755_Hoor_Spru,Hoorn,1755,,,,,,,,,,,,,,,,,,,
1755_Leuv_Anon,Leuven,1755,-3500,1755,,,34660,,,,,,,,,,,,Uitzoeken wat eventueel contemporain is,,
1756_Waas_Anon_01,Waasland,1756,772,1754,,,,,,,,,,,,,,,,,
1756_Waas_Anon_02,Waasland,1756,,,,,,,,,,,,,,,,,,,
1758_Maas_Anon,Maastricht,1758,1236,1758,,,78639,,,,,,,,,,,,,,
1759_Hoeg_Kemp,Hoegaarden,1759,1670,1759,,,,,,,,,,,,,,,,,
1760_Alkm_Bont,Alkmaar,1760,500,1760,1740,1760,33549,1,0,0,1,0,,,,,,,Stukken kroniek deel lopen door elkaar heen. Uitzoeken!,,image not available in transkribus
1762_Maas_Anon,Maastricht,1762,,1762,,,35158,,,,,,,,,,,,,,
1766_Mech_Beth,Mechelen,1766,1580,1766,,,,,,,,,,,,,,,,,
1769_Kate_Pols,Katendrecht,,,,,,,,,,,,,,,,,,,,
1772_Amst_Bikk,Amsterdam,1772,1732,1772,1732,1777,193707,,,,,,,,,,,,,,
1776_Hale_anon,Halen,1776,1792,1797,,,,,,,,,,,,,,,,,
1776_Mech_Nieu_01,Mechelen,1776,1601,1699,Niet ,Niet,14860,,,,,,,,,,,,,,
1776_Mech_Nieu_02,Mechelen,1776,1700,1746,,,23607,,,,,,,,,,,,,,
1776_Mech_Nieu_03,Mechelen,1776,1747,1753,1747,1753,7900,,,,,,,,,,,,Lijkt wel in retroperspectief of geredigeerd,,
1776_Mech_Nieu_04,Mechelen,1776,1753,1763,,,8603,,,,,,,,,,,,,,
1776_Mech_Nieu_05,Mechelen,1776,1763,1776,,,26545,,,,,,,,,,,,,,
1779_Spaa_Beer,Spaarndam,1779,1253,1779,1752,1779,2669,,,,,,,,,,,,,,
1783_Rott_Beef,Rotterdam,1783,1747,1783,,,27634,1,0,0,1,1,,,,,,,A: opgeschoond. Klaar voor laatste batch,,
1784_Hoor_Veli_02,Hoorn,1784,1795,1838,,,,,,,,,,,,,,,,,
1785_Leeu_Sluy,Leeuwarden,1785,1779,1785,1779,1785,58929,,,,,,,,,,,,"A: txt was al goed, maar in Transkribus ontbreekt een gedeelte. Nogmaals in laatste batchj",,
1786_Mech_Munc,Mechelen,1786,1740,1786,,,109246,,,,,,,,,,,,,,
1786_Oude_Rant,Oudenaarde,1786,1701,1786,,,,,,,,,,,,,,,,,
1787_Fran_Anon,Franeker,1787,1787,1787,1787,1787,6610,,,,,,,,,,,,,,
1787_Gent_Anon_01,Gent,1787,1770,1787,,,15705,,,,,,,,,,,,,,
1787_Gent_Anon_02,Gent,1787,1770,1787,,,18324,,,,,,,,,,,,,,
1789_Arnh_Hass,Arnhem,1789,1320,1789,,,,,,,,,,,,,,,,,
1794_Bosc_Acke_01,Den Bosch,1794,1780,1789,1780,1789,36269,,,,,,,,,,,,,,
1789_Brus_Anon,Brussel,1789,1772,1789,,,17358,,,,,,,,,,,,,,
1789_Doet_Duys,Doetinchem,1789,1527,1780,?,?,5207,1,1,0,0,0,0,0,0,0,0,,Overgeschreven? 16e en deel 17e eeuw lijken wel contemporain. Maakt een sprong van 1629 naar 1780 aan het eind,,
1790_Brug_Doul,Brugge,1790,1786,1790,,,,,,,,,,,,,,,,,
1790_Mech_Wijn,Mechelen,1790,1730,1790,1730,1790,44562,,,,,,,,,,,,,,
1791_Purm_Louw_01,Purmerend,1766,1355,1766,1742,1766,129536,y,n,n,y,n,y,,y,y,y,y,"Inhoudsopgave in de voorrede, niet in tabelvorm",,
1791_Purm_Louw_02,Purmerend,1774,1766,1774,1766,1774,62903,y,n,n,y,n,y,,y,y,y,n,,,
1791_Purm_Louw_03,Purmerend,1780,1775,1780,1775,1780,72564,,n,n,y,n,n,,y,y,n,y,"Inhoudsopgave in de voorrede, niet in tabelvorm",,
1791_Purm_Louw_04,Purmerend,1788,1778,1788,1778,1788,60475,,y,n,y,y,y,,,y,n,n,,,
1791_Purm_Louw_05,Purmerend,1796,1788,1796,1788,1796,59427,,y,n,y,y,n,,,y,n,y,,,
1792_Brie_Klui_01,Brielle,1792,1747,1751,1747,1751,,,,,,,,,,,,,,,
1792_Brie_Klui_02,Brielle,1792,1752,1756,1752,1756,137530,,,,,,,,,,,,,,
1792_Brie_Klui_03,Brielle,1792,1757,1762,1757,1762,,,,,,,,,,,,,,,
1792_Brie_Klui_04,Brielle,1792,1763,1767,1763,1767,162818,,,,,,,,,,,,,,
1792_Brie_Klui_05,Brielle,1792,1767,1770,1767,1770,212789,,,,,,,,,,,,,,
1792_Brie_Klui_06,Brielle,1792,1771,1771,1771,1771,272307,,,,,,,,,,,,,,
1792_Brie_Klui_07,Brielle,1792,1771,1776,1771,1776,,,,,,,,,,,,,,,
1792_Brie_Klui_08,Brielle,1792,1777,1784,1777,1784,,,,,,,,,,,,,,,
1792_Brie_Klui_09,Brielle,1792,1784,1784,1784,1784,,,,,,,,,,,,,,,
1792_Brie_Klui_10,Brielle,1792,1785,1785,1785,1785,,,,,,,,,,,,,,,
1792_Brie_Klui_11,Brielle,1792,1786,1792,1786,1792,,,,,,,,,,,,,,,
1793_Berg_Anon,Bergen op Zoom,1793,1792,1793,1793,1793,,,,,,,,,,,,,Crisiskroniek. Voetnoten staan er nog in met een *. Opschonen,,
1793_Bred_Ouko,Breda,1793,1793,1793,,,16531,1,,,,,,,,,,,militaire geschiedenis Breda,,
1794_Bosc_Acke_02,Den Bosch,1794,1790,1794,,,15938,,,,,,,,,,,,,,
1794_Goud_Anon,Gouda,1794,1787,1794,1787,1794,16123,,,,,,,,,,,,Jaartallen tussen [] zijn er per abuis uitgehaald. ,,
1794_Hoor_Veli,Hoorn,1794,1630,1794,,,250448,,,,,,,,,,,,,,
1794_Zwol_Door,Zwolle,1794,-9,1794,,1794,14300,1,,,,,,,,,,,,,
1795_Deve_Jord,Deventer,1795,1795,1795,1795,1795,4190,1,1,0,1,0,0,0,0,0,0,,Crisiskroniek. Informatie aan het einde moet eruit,,
1795_Harl_Tous,Harlingen,1795,1795,1795,1795,1795,7312,1,1,0,1,1,0,0,0,0,0,,,,
1795_Maas_Anon,Maastricht,1795,998,1742,,,76124,,,,,,,,,,,,,,
1795_Mege_Loef,Megen,1795,1768,1795,1793,1795,22039,,,,,,,,,,,,,,
1795_Zalt_Kist,Zaltbommel,1795,1794,1795,1794,1795,16771,,,,,,,,,,,,,,
1796_Antw_Aars,Antwerpen,1796,,1796,1795,,6826,,,,,,,,,,,,,,
1796_Leeu_Buma,Leeuwarden,1796,1766,1796,1766,1796,7045,1,1,0,1,1,0,0,0,0,0,,,,
1797_Alkm_Anon,Alkmaar,1797,1787,1797,1787,1797,29726,,,,,,,,,,,,,,
1797_Brst_Mori,Brustem,1797,1784,1793,1784,1793,9812,1,1,0,1,1,0,rijmgedicht over moord op Lodewijk XVI,0,0,0,,,,
1800_Brug_Wall_01,Brugge,1800,1779,1779,1779,1779,22212,,,,,,,,,,,,,,
1800_Brug_Wall_02,Brugge,1800,,,1780,1780,30928,,,,,,,,,,,,,,
1800_Brug_Wall_03,Brugge,1800,1787,1787,1787,1787,78190,,,,,,,,,,,,,,
1800_Brug_Wall_04,Brugge,1800,1788,1788,1788,1788,48213,,,,,,,,,,,,,,
1800_Brug_Wall_05,Brugge,1800,1789,1789,1789,1789,68464,,,,,,,,,,,,,,
1800_Brug_Wall_06,Brugge,1800,1790,1790,1790,1790,86050,,,,,,,,,,,,,,
1800_Brug_Wall_07,Brugge,1800,1791,1792,1791,1792,89513,,,,,,,,,,,,,,
1800_Brug_Wall_08,Brugge,1800,1793,1794,1793,1794,88529,,,,,,,,,,,,,,
1800_Brug_Wall_09,Brugge,1800,1795,1796,1795,1796,71120,,,,,,,,,,,,,,
1800_Brug_Wall_10,Brugge,1800,1797,1797,1797,1797,46443,,,,,,,,,,,,,,
1800_Brug_Wall_11,Brugge,1800,1798,1798,1798,1798,47363,,,,,,,,,,,,,,
1800_Brug_Wall_12,Brugge,1800,1799,1799,1799,1799,37812,,,,,,,,,,,,,,
1800_Brug_Wall_13,Brugge,1800,1800,1800,1800,1800,38881,,,,,,,,,,,,,,
1800_Zier_Reij,Zierikzee,1800,1787,1800,1787,1800,7832,,,,,,,,,,,,,,
1801_Hilv_Jage,Hilversum,1801,1766,1801,,,,,,,,,,,,,,,,,
1801_Huis_Anon,Huissen,1801,1667,1801,?,?,65345,,,,,,,,,,,,Meerdere auteurs?,,
1802_Brus_Anon,Brussel,1802,1792,1803,1792,1803,42513,,,,,,,,,,,,,,
1802_Hass_Reyn,"Meeuwen, Hasselt",1802,,,,,,,,,,,,,,,,,,,
1802_Venl_Post,Venlo,1802,1781,1802,1781,1802,65487,,,,,,,,,,,,,,
1802_Weer_Goof,Weert,1802,,,,,,,,,,,,,,,,,,,
1805_Brus_Goet,Brussel,1805,1780,1805,,,80336,,,,,,,,,,,,,,
1805_Haar_Vinn,Haarlem,1805,1673,1753 - 1805,,,42038,,,,,,,,,,,,,,
1807_Enkh_Hoog,Enkhuizen,1807,1732,1807,,,6422,,,,,,,,,,,,,,
1807_Leuv_Pelc_01,Leuven,1807,1746,1780,,,157113,,,,,,,,,,,,,,
1807_Leuv_Pelc_02,Leuven,1807,1780,1787,,,124564,,,,,,,,,,,,,,
1807_Leuv_Pelc_03,Leuven,1807,,,,,117960,,,,,,,,,,,,,,
1807_Leuv_Pelc_04,Leuven,1807,,,,,106138,,,,,,,,,,,,,,
1807_Leuv_Pelc_05,Leuven,1807,,,,,137594,,,,,,,,,,,,,,
1807_Leuv_Pelc_06,Leuven,1807,,,,,,,,,,,,,,,,,,,
1807_Leuv_Pelc_07,Leuven,1807,,,,,180880,,,,,,,,,,,,,,
1807_Leuv_Pelc_08,Leuven,1807,,,,,140305,,,,,,,,,,,,,,
1807_Leuv_Pelc_09,Leuven,1807,,,,,,,,,,,,,,,,,,,
1807_Leuv_Pelc_10,Leuven,1807,,,,,,,,,,,,,,,,,,,
1807_Leuv_Pelc_11,Leuven,1807,,,,,,,,,,,,,,,,,,,
1807_Leuv_Pelc_12,Leuven,1807,,,,,,,,,,,,,,,,,,,
1807_Leuv_Pelc_13,Leuven,1807,,,,,,,,,,,,,,,,,,,
1807_Leuv_Pelc_14,Leuven,1807,,,,,,,,,,,,,,,,,,,
1807_Leuv_Pelc_15,Leuven,1807,,,,,,,,,,,,,,,,,,,
1808_Gent_Quic,Gent,1808,1787,1808,,,42971,,,,,,,,,,,,,,
1808_Stee_Verv,Steenvoorde,1808,1783,1808,,,,,,,,,,,,,,,,,
1810_Harl_Olin,Harlingen,1810,,,,,,,,,,,,,,,,,zit niet in zotero,,
1813_Haag_Baak,Den Haag,1813,1802,1813,1811,1813,43056,,,,,,,,,,,,,,
1813_Zaan_Dekk,Zaandam,1813,34,1838,1766,1813,37255,,,,,,,,,,,,,,
1814_Koog_Boov,Koog aan de Zaan,1814,,,,,9064,,,,,,,,,,,,,,
1814_Leeu_Stor,Leeuwarden,1814,1774,1774,1774,1774,16003,,,,,,,,,,,,,,
1814_Twis_Kamp,Twisk,1814,1800,1814,1800,1814,33465,,,,,,,,,,,,,,
1814_Worm_Ding,Wormerveer,1814,1755,1814,?,?,8344,,,,,,,,,,,,,,
1815_Brus_Goet,Brussel,1815,,,,,,,,,,,,,,,,,,,
1816_Amst_Beer,Amsterdam,1816,1739,1816,1739,1816,9458,,,,,,,,,,,,,,
1817_Antw_Stra_01,Antwerpen,1819,1770,1785,1770,1785,52346,,,,,,,,,,,,,,
1817_Antw_Stra_02,Antwerpen,1819,1786,1788,1786,1788,69446,,,,,,,,,,,,,,
1817_Antw_Stra_03,Antwerpen,1819,1789,1790,1789,1790,87001,,,,,,,,,,,,,,
1817_Antw_Stra_04,Antwerpen,1819,1791,1794,1791,1794,94486,,,,,,,,,,,,,,
1817_Antw_Stra_05,Antwerpen,1819,1795,1796,1795,1796,62272,,,,,,,,,,,,,,
1817_Antw_Stra_06,Antwerpen,1819,1797,1798,1797,1798,88041,,,,,,,,,,,,,,
1817_Antw_Stra_07,Antwerpen,1819,1799,1802,1799,1802,64814,,,,,,,,,,,,,,
1817_Antw_Stra_08,Antwerpen,1819,1803,1817,1803,1817,55103,,,,,,,,,,,,,,
1818_Broe_Bakk,Broek in Waterland,1818,1282,1818,1795,1818,15741,,,,,,,,,,,,Tussen 1719-1795 niks. ,,
1818_Nijm_Beto,Nijmegen,1818,1785,1818,1785,1818,6262,,,,,,,,,,,,,,
1819_Binn_Kars,Binnenwijzend,1819,1783,1819,1783,1819,4265,,,,,,,,,,,,,,
1819_Roer_Elsa,Roermond,1819,1770,1819,,,,,,,,,,,,,,,,,
1819_Roer_Gard,Roermond,1819,xxxx,1819,,,,,,,,,,,,,,,,,
1820_Rhen_Vree,Rhenoy,1820,1799,1817,1799,1817,6872,,,,,,,,,,,,,,
1820_Zier_Groe,Zierikzee,1802,1795,1820,,,72722,,,,,,,,,,,,Geschikt? Stadgeschiedenis-achtig met diverse onderwerpen,,
1821_Brus_Goet,Brussel,1821,,,,,,,,,,,,,,,,,,,
1823_Zaan_Groo,Zaandam,1823,1809,1823,1809,1810,2575,,,,,,,,,,,,Alleen over 1822 en 1823 wat financien ,,
1825_Brug_Verb,Brugge,1825,1771,1825,1783,1825,49325,,,,,,,,,,,,A: opgeschoond. Klaar voor laatste batch,,
1825_Oude_Rant,Oudenaarde,1825,1787,1825,,,,,,,,,,,,,,,,,
1826_Amel_Sorg,Ameland,1826,xxxx,1826,,,68357,,,,,,,,,,,,,,
1826_Snee_Napj_01,Sneek,1762,1230,1772 (1826),,,25912,,,,,,,,,,,,"A: opgeschoond en opgesplitst, zie ook de kroniek hieronder. Klaar voor laatste batch.",,
1826_Snee_Napj_02,Sneek,1826,,,,,1870,,,,,,,,,,,,"A: opgeschoond en opgesplitst, zie ook de kroniek hierboven. Klaar voor laatste batch.",,
1829_Leuv_Hous,Leuven,1829,1780,1829,,,,,,,,,,,,,,,,,
1830_Tilb_Leli,Tilburg,1830,1774,1830,1774,1830,6026,,,,,,,,,,,,,,
1831_Roer_Anon,Roermond,1831,xxxx,1831,,,,,,,,,,,,,,,,,
1835_Gent_Call_01,Gent,1835,1780,1789,1780,1789,55140,,,,,,,,,,,,,,
1835_Gent_Call_02,Gent,1835,1801,1808,1801,1808,80185,,,,,,,,,,,,,,
1835_Gent_Call_03,Gent,1835,1809,1814,1809,1814,44325,,,,,,,,,,,,,,
1835_Gent_Call_04,Gent,1835,1815,1817,1815,1817,59588,,,,,,,,,,,,,,
1835_Gent_Call_05,Gent,1835,1822,1831,1822,1831,72398,,,,,,,,,,,,,,
1835_Gent_Call_06,Gent,1835,1832,1835,1832,1835,91727,,,,,,,,,,,,,,
1835_Leuv_Lame,Leuven,1835,1784,1835,1784,1835,,,,,,,,,,,,,,,
1844_Heez_Moor,Heeze,1844,1580,1844,1828,1844,21369,,,,,,,,,,,,,,
1846_Antw_Coni_1,Antwerpen,1846,1772,1790,1772,1790,40930,,,,,,,,,,,,,,
1846_Antw_Coni_2,Antwerpen,1846,1790,1795,1790,1795,42528,,,,,,,,,,,,,,
1846_Antw_Coni_3,Antwerpen,1846,1795,1834,1795,1834,31237,,,,,,,,,,,,,,
1846_Antw_Coni_4,Antwerpen,1846,1834,1846,1834,1846,13972,,,,,,,,,,,,,,
1847_Vlis_Bloo,Vlissingen,1847,xxxx,1857 & 1830-1841,,,,,,,,,,,,,,,,,
1848_Bosc_Anon,Den Bosch,1848,xxxx,1848,,,,,,,,,,,,,,,,,
1848_Zier_Bloo,Zierikzee,1848,1830,1847,,,21667,,,,,,,,,,,,,,
1853_Drac_Meer,Drachten,1853,754,1853,1845,1853,25437,,,,,,,,,,,,,,
1854_Tilb_Beer_01,Tilburg,1854,1774,1854,,,38321,,,,,,,,,,,,,,
1854_Tilb_Beer_02,Tilburg,1854,1774,1854,,,,,,,,,,,,,,,,,
1854_Tilb_Beer_03,Tilburg,1854,1774,1854,,,,,,,,,,,,,,,,,
1855_Gron_Hals,Groningen,1855,,,,,,,,,,,,,,,,,,,
1855_Kort_Fill_01,Kortrijk,1855,,,,,,,,,,,,,,,,,,,
1855_Kort_Fill_02,Kortrijk,1855,,,,,,,,,,,,,,,,,,,
1855_Kort_Fill_03,Kortrijk,1855,,,,,,,,,,,,,,,,,,,
1855_Kort_Fill_04,Kortrijk,1855,,,,,,,,,,,,,,,,,,,
1855_Kort_Fill_05,Kortrijk,1855,,,,,,,,,,,,,,,,,,,
1855_Kort_Fill_06,Kortrijk,1855,,,,,,,,,,,,,,,,,,,
1855_Kort_Fill_07,Kortrijk,1855,,,,,,,,,,,,,,,,,,,
1855_Popp_Jong,Poppenhuizen,1855,1825,1855,1825,1855,390899,,,,,,,,,,,,Haalt wel o.a. Plinius aan. Maar kroniek begint echt op 1825,,
1856_Wird_Hell,Wirdum,1856,1821,1856,,,556656,,,,,,,,,,,,,,
1858_Delf_Stre,Delfzijl,1858,1272,1858,1813,1858,17553,,,,,,,,,,,,,,
1859_Nijm_Drui,Nijmegen,1859,,,,,71875,,,,,,,,,,,,,,
1862_Leeu_Buma,Leeuwarden,1862,,,,,,,,,,,,,,,,,,,
1863_Izeg_Tang,Izegem,1863,1001,1863,,,73154,,,,,,,,,,,,Behouden maar misschien niet relevant voor analyse. ,,
1876_Nieu_Rybe,Nieuwpoort,1876,1770,1876,,,,,,,,,,,,,,,,,
1899_Grou_Haag,Grouw,1899,1840,1899,1840,1899,15694,,,,,,,,,,,,,,
,,,,,,,"58357,06635",,,,,,,,,,,,,,